Price,Age,Mileage,FuelType,Horsepower,MetColor,Automatic,Displacement,Doors,Weight
16605,23,29196,1,90,1,0,122,3,2568
16913,23,45321,1,90,1,0,122,3,2568
17159,24,25918,1,90,1,0,122,3,2568
18389,26,29826,1,90,0,0,122,3,2568
16913,30,23923,1,90,0,0,122,3,2579
15929,32,37904,1,90,0,0,122,3,2579
20787,27,58789,1,90,1,0,122,3,2745
22878,30,47155,1,90,1,0,122,3,2745
26445,27,12241,0,192,0,0,110,3,2612
15929,23,44203,1,69,0,0,116,3,2436
25769,25,19549,0,192,0,0,110,3,2612
24539,22,27098,0,192,0,0,110,3,2612
24108,25,20001,0,192,0,0,110,3,2612
26445,31,14292,0,192,1,0,110,3,2612
27675,32,21208,0,192,1,0,110,3,2612
27060,28,11644,0,192,0,0,110,3,2612
27983,30,21127,0,192,1,0,110,3,2612
22079,24,13494,0,110,1,0,98,3,2436
20603,24,15884,0,110,0,0,98,3,2348
20849,30,39991,0,110,1,0,98,3,2436
19619,30,42042,0,110,1,0,98,3,2436
20849,29,27281,0,110,0,1,98,3,2579
19619,28,35014,0,110,1,0,98,3,2469
20849,28,20021,0,110,1,0,98,3,2469
19988,29,16039,0,110,1,0,98,3,2469
19619,25,17678,0,110,1,0,98,3,2469
21519,27,21465,0,110,1,0,98,3,2469
19373,29,25734,0,110,1,0,98,3,2469
20849,28,27429,0,110,0,0,98,3,2469
22079,30,6891,0,110,1,0,98,3,2469
15929,29,6058,0,97,1,0,85,3,2425
19373,22,21872,0,97,1,0,85,3,2425
19619,27,18337,0,97,1,0,85,3,2425
18389,26,20314,0,97,1,0,85,3,2425
19065,22,25476,0,97,1,0,85,3,2425
19373,26,26719,0,97,0,0,85,3,2425
19619,25,15534,0,97,0,0,85,3,2425
18389,23,6214,0,97,1,0,85,3,2425
19373,32,15739,0,97,1,0,85,3,2425
18143,27,17088,0,97,0,0,85,3,2425
17159,22,30484,0,97,0,0,85,3,2425
20603,27,27383,0,97,1,0,85,3,2425
17159,22,29180,0,97,0,0,85,3,2425
20849,27,68602,1,90,0,0,122,5,2767
20849,22,62292,1,90,0,0,122,5,2767
23370,23,52195,1,90,0,0,122,5,2800
22079,27,49321,1,90,1,0,122,5,2767
19434,22,46633,0,97,1,0,85,5,2447
22079,22,44872,1,90,1,0,122,5,2767
26999,31,40378,0,192,1,0,110,5,2635
22079,22,38920,1,90,1,0,122,5,2767
19373,30,35472,0,97,1,0,85,5,2447
25215,26,34797,0,110,1,1,98,5,2601
26999,27,30985,0,192,1,0,110,5,2635
19065,25,30548,0,110,0,1,98,5,2568
16298,32,28412,0,110,1,0,98,5,2370
18758,28,26849,0,97,0,0,85,5,2447
18758,26,26719,0,97,0,0,85,5,2447
23309,23,24671,0,110,1,1,98,5,2601
19679,30,24202,0,110,1,0,98,5,2491
18389,22,23239,0,97,1,0,85,5,2447
20295,27,23101,0,110,0,0,98,5,2491
23063,31,22707,0,110,1,0,98,5,2491
22079,30,20823,0,110,1,0,98,5,2491
22079,27,20387,0,97,1,0,85,5,2447
20849,26,19996,0,110,1,0,98,5,2370
23309,28,19258,0,110,1,0,98,5,2491
18389,22,18890,0,97,1,0,85,5,2447
27368,22,18641,1,110,1,0,122,5,2811
19619,25,18467,0,97,1,0,85,5,2447
19619,28,18148,0,97,1,0,85,5,2447
15984,32,18143,0,97,1,0,85,5,2337
23309,28,17906,0,110,1,0,98,5,2491
19373,23,17539,0,97,1,0,85,5,2447
24539,28,17398,0,110,0,0,98,5,2491
20849,23,17398,0,110,1,0,98,5,2458
23063,31,15700,0,110,1,0,98,5,2491
22694,27,14595,0,110,0,0,98,5,2458
20781,29,14027,0,110,1,0,98,5,2458
18327,30,13670,0,97,1,0,85,5,2447
23309,25,12439,0,110,1,1,98,5,2601
21218,29,12427,0,110,1,0,98,5,2458
19004,25,10565,0,97,1,0,85,5,2447
22079,31,10090,0,110,1,1,98,5,2601
20480,25,9578,0,97,1,0,85,5,2447
21464,28,5305,0,110,1,0,98,5,2491
18327,30,4350,0,97,1,0,85,5,2425
22079,20,41611,1,90,1,0,122,3,2745
19619,19,32239,0,97,1,0,85,3,2425
26999,19,31072,1,110,1,0,122,3,2789
20234,20,29894,0,97,1,0,85,3,2425
27368,20,23301,1,90,1,0,122,3,2778
24539,16,21420,1,90,1,0,122,3,2778
19619,20,20710,0,97,1,0,85,3,2425
23247,20,19791,0,110,0,0,98,3,2469
24539,17,18859,1,90,1,0,122,3,2778
19619,19,18290,0,97,1,0,85,3,2425
19619,19,16123,0,97,1,0,85,3,2425
23063,11,15224,0,110,1,0,98,3,2469
21464,18,14852,0,97,1,0,85,3,2425
23358,20,14400,0,110,1,0,98,3,2469
19988,19,11930,0,97,1,0,85,3,2425
22755,13,11185,0,71,0,0,85,3,2480
22755,11,10018,0,110,1,0,98,3,2436
23924,11,9094,0,110,1,1,98,3,2546
20849,19,8543,0,97,1,0,85,3,2425
23124,14,7146,0,110,1,0,98,3,2304
21464,17,6214,0,97,1,0,85,3,2425
22079,20,4466,0,110,1,0,98,3,2436
39975,4,1,1,116,0,0,122,5,3263
38130,4,2485,1,116,1,0,122,5,3263
38468,4,932,1,116,1,0,122,5,3263
30689,8,8235,1,116,1,0,122,5,2910
30689,8,8235,1,116,1,0,122,5,2910
28229,7,6214,1,116,1,0,122,5,2800
30738,8,3728,1,90,1,0,122,5,2822
26999,8,6736,1,90,1,0,122,5,2800
22017,7,1,0,110,1,0,98,3,2436
23678,20,39146,1,90,1,0,122,5,2767
27368,17,35613,1,110,1,0,122,5,2811
23309,13,35441,0,110,0,0,98,5,2458
24539,19,31751,1,90,1,0,122,5,2767
20111,14,24861,0,110,1,0,98,5,2458
23309,20,24305,0,110,1,0,98,5,2491
20849,17,22377,0,110,0,0,98,5,2491
26753,16,22369,0,110,1,0,98,5,2491
19619,20,22369,0,110,1,0,98,5,2370
20295,20,21748,0,97,1,0,85,5,2447
22079,17,20965,0,97,1,0,85,5,2502
19496,13,20802,0,110,1,0,98,5,2370
19988,20,20273,0,97,1,0,85,5,2447
19619,20,18515,0,97,1,0,85,5,2447
19988,19,18294,0,97,1,0,85,5,2447
19619,13,18250,0,110,1,0,98,4,2436
20295,20,18020,0,97,0,0,85,5,2447
20295,19,17287,0,97,0,0,85,5,2447
22694,19,17008,0,97,0,0,85,5,2502
19988,13,15640,0,110,1,0,98,5,2436
28290,11,15534,1,116,1,0,122,5,2910
24477,20,14292,0,110,1,0,98,5,2491
20234,20,14036,0,97,1,0,85,5,2447
29459,19,13474,0,192,1,0,110,5,2612
24539,13,13315,0,110,1,0,98,5,2491
22755,16,12818,0,110,1,0,98,4,2403
23309,15,12595,0,110,1,0,98,5,2491
20234,16,12493,0,97,0,0,85,5,2447
25215,20,12427,0,110,0,1,98,5,2568
30135,13,12420,0,110,1,0,98,5,2491
23924,19,11388,0,110,0,0,98,5,2491
25769,14,11120,0,110,1,1,98,4,2535
21156,20,10750,0,97,1,0,85,5,2447
24539,19,10587,0,110,0,0,98,5,2491
22694,10,8542,0,97,1,0,85,5,2447
23985,12,8472,0,110,1,0,98,5,2458
26753,13,8188,0,110,1,0,98,5,2491
20748,15,8175,0,97,1,0,85,4,2392
23985,16,8078,0,110,1,0,98,4,2436
23247,11,7767,0,110,1,0,98,5,2458
24293,17,7456,0,110,1,0,98,5,2491
24293,16,7304,0,110,0,1,98,5,2601
23309,16,6835,0,110,1,0,98,4,2436
25523,17,6214,0,110,0,0,98,5,2436
24108,9,4753,0,110,1,0,98,5,2458
23985,14,4039,0,110,1,0,98,4,2425
21710,11,3825,0,97,1,0,85,5,2447
24539,14,3728,0,110,0,0,98,5,2491
24539,14,3392,0,110,1,0,98,5,2491
25769,14,3280,0,110,1,1,98,4,2535
25215,12,3107,0,110,1,0,98,5,2491
21888,9,1,0,98,1,0,85,4,2348
22441,9,1,0,110,1,0,98,5,2370
29213,8,6835,0,110,1,0,98,5,2491
23985,8,6262,0,97,1,0,85,5,2447
23309,8,6214,0,97,1,0,85,5,2447
26999,8,6082,0,110,1,0,98,5,2491
24539,8,5328,0,110,1,0,98,5,2491
23309,8,4350,0,110,0,0,98,5,2458
24539,7,3884,0,110,1,0,98,5,2458
26999,8,3107,0,110,1,0,98,5,2491
27675,6,1864,0,110,0,0,98,5,2491
22755,7,1243,0,110,0,0,98,5,2370
23001,7,280,0,97,1,0,85,5,2447
25984,2,140,0,97,1,0,85,5,2447
26445,2,9,0,110,1,0,98,5,2491
21888,1,1,0,98,1,0,85,4,2425
22441,1,1,0,110,1,0,98,5,2370
8549,43,150993,1,69,0,0,116,3,2447
11685,38,112243,1,90,0,0,122,4,2557
14699,40,111760,1,90,1,0,122,5,2657
9533,43,111137,0,110,0,0,98,3,2390
14699,40,100041,1,69,1,0,116,3,2436
5351,44,98375,1,69,0,0,110,5,2447
5843,44,81569,1,69,1,0,110,5,2447
14453,40,80817,1,69,1,0,116,5,2513
16298,41,76693,1,69,1,0,116,5,2513
14699,37,73457,0,110,1,0,98,5,2370
14637,44,68351,1,69,1,0,116,5,2414
18143,39,67634,1,90,1,0,122,5,2657
12239,42,65678,0,97,1,0,85,3,2260
14699,39,61406,0,110,1,0,98,5,2467
14139,44,60167,0,110,1,0,98,5,2370
13838,40,59973,0,97,1,0,85,3,2260
12915,42,57293,0,110,1,0,98,5,2370
12854,35,56828,1,69,1,0,116,3,2447
15929,43,55904,1,69,1,0,116,5,2513
14145,44,55772,0,110,1,0,98,3,2304
15375,40,53058,0,110,1,0,98,5,2370
13469,43,52827,0,97,0,0,85,5,2337
14084,41,52389,0,110,0,0,98,5,2381
14699,37,51414,0,110,1,0,98,5,2471
16298,41,50397,1,69,1,0,116,5,2513
18143,40,49974,1,90,1,0,122,5,2657
14502,34,48888,0,110,1,1,98,5,2436
14084,40,48731,0,110,1,0,98,5,2370
16605,33,48534,1,90,1,0,122,3,2579
13469,33,48045,0,110,1,0,98,5,2370
16605,33,47037,1,69,0,0,116,3,2436
13469,41,47036,0,97,1,0,85,3,2260
13469,44,46507,0,97,1,0,85,3,2260
15929,38,46180,0,110,1,0,98,5,2370
14699,43,46159,0,110,1,0,98,5,2370
15314,44,46088,0,110,1,0,98,5,3560
14699,40,45386,0,110,1,0,98,5,2370
18389,44,44610,0,110,1,0,98,4,2352
15314,35,44242,0,110,1,0,98,5,2370
15929,38,42132,0,110,1,0,98,5,2370
14699,35,41003,0,110,1,0,98,3,2293
14379,34,40603,0,97,1,0,85,5,2337
15314,42,40118,0,110,1,0,98,5,2381
15683,36,39432,0,97,1,0,85,5,2337
14668,44,39427,0,97,0,0,85,3,2260
15929,33,38525,0,110,1,0,98,5,2370
14699,42,38090,0,97,1,0,85,3,2271
15867,41,38028,0,110,1,0,98,3,2304
14637,41,37904,0,110,0,0,98,5,2370
14330,38,37797,0,110,1,0,98,5,2370
13469,44,37593,0,110,0,0,98,5,2370
17159,35,36972,1,69,1,0,116,3,2447
17159,44,36661,0,110,0,1,98,5,2447
14699,40,36632,0,110,1,0,98,5,2381
13469,38,36535,0,110,1,0,98,5,2370
15314,38,36265,0,110,1,0,98,3,2326
14699,43,36212,0,110,1,0,98,3,2304
16605,33,35860,1,90,1,0,122,3,2568
14379,33,35585,0,110,1,0,98,5,2370
16605,39,34797,0,110,1,0,98,5,2370
14699,42,34777,0,110,0,0,98,3,2315
15867,39,34597,0,110,1,0,98,4,2271
16605,43,34510,0,110,1,0,98,5,2392
14453,42,34424,0,110,0,0,98,5,2370
14453,33,34393,0,110,0,0,98,5,2370
13346,43,33927,0,110,0,0,98,4,2271
14453,43,33413,0,110,1,0,98,5,2370
18389,42,33379,0,110,1,1,98,5,2436
12226,39,33333,0,110,1,0,98,5,2370
15867,42,33150,0,110,0,0,98,5,2370
16605,38,32933,0,110,1,0,98,5,2370
14453,44,32363,0,97,1,0,85,3,2260
14699,44,32311,0,97,0,0,85,3,2260
16544,33,32277,0,110,1,0,98,5,2370
14699,41,32145,0,97,1,0,85,3,2260
15369,39,31611,0,110,1,0,98,5,2370
16605,41,31600,0,110,0,0,98,4,2271
15683,40,31466,0,110,1,0,98,5,2370
14760,39,31069,0,97,1,0,85,5,2337
14699,38,30758,0,110,1,0,98,5,2370
15369,44,30653,0,110,1,0,98,5,2381
15314,34,30628,0,110,1,0,98,3,2293
18143,40,30417,1,90,1,0,122,5,2657
13469,39,30413,0,110,0,0,98,3,2293
16605,33,30402,1,69,1,0,116,3,2436
15929,38,29948,0,110,1,0,98,5,2370
16605,35,29858,1,69,1,0,116,3,2436
16544,34,29833,0,110,1,0,98,4,2271
16605,43,29826,0,110,1,0,98,5,2370
14120,41,29422,0,110,1,0,98,5,2370
16544,39,29093,0,97,1,0,85,5,2337
14139,39,29014,0,110,0,0,98,3,2293
15683,43,28903,0,97,0,0,85,5,2260
18438,38,28786,0,110,1,0,98,3,2326
15929,35,28772,0,97,1,0,85,5,2337
15929,40,28512,0,110,1,0,98,5,2381
15806,39,28405,0,97,1,0,85,5,2392
17159,40,28335,0,110,1,1,98,5,2436
14699,41,28140,0,110,1,0,98,5,2370
15929,39,28012,0,110,1,0,98,5,2370
14391,40,27856,0,110,1,0,98,5,2370
12239,37,27811,0,97,0,0,85,3,2260
14631,44,27476,0,97,1,0,85,5,2337
15929,43,27112,0,110,1,0,98,5,2370
15375,36,26984,0,110,1,0,98,3,2293
17066,39,26877,0,110,1,0,98,5,2370
12915,35,26719,0,110,0,0,98,3,2315
15123,33,26609,0,110,1,0,98,5,2370
17159,42,26446,0,110,1,0,98,5,2381
13469,38,25945,0,110,0,0,98,3,2293
15929,44,25786,0,110,1,0,98,5,2432
15806,40,25687,0,110,1,0,98,5,2381
17214,35,25476,0,110,1,0,98,5,2370
16913,39,24855,0,110,1,0,98,3,2326
15683,37,24704,0,110,1,0,98,5,2370
15375,41,24643,0,110,1,0,98,3,2304
17159,43,24637,0,110,0,0,98,3,2326
14145,39,24559,0,97,1,0,85,3,2260
17159,44,24554,0,97,1,0,85,5,2337
14631,41,24506,0,97,0,0,85,5,2337
12239,44,24233,0,97,1,0,85,3,2260
16605,42,24191,0,110,1,0,98,3,2293
14084,37,24117,0,97,0,0,85,3,2260
15314,42,24025,0,110,1,0,98,5,2370
15929,40,24018,0,110,1,0,98,5,2381
17214,44,23899,0,110,1,0,98,5,2381
14453,42,23661,0,97,0,0,85,3,2260
14330,39,23477,0,97,1,0,85,5,2337
12239,43,23349,0,97,0,0,85,3,2271
17159,41,23322,0,110,1,0,98,5,2370
15929,44,23232,0,110,1,0,98,5,2381
13469,38,23190,0,97,1,0,85,3,2260
12177,42,22991,0,97,1,0,85,3,2260
14699,44,22991,0,110,0,0,98,4,2370
14748,40,22721,0,110,0,0,98,5,2403
13223,36,22537,0,110,1,0,98,5,2370
17159,37,22415,0,110,1,1,98,5,2370
13838,44,22410,0,110,1,0,98,3,2293
15929,39,21499,0,110,1,0,98,5,2370
14699,41,21127,0,110,1,0,98,5,2370
13469,42,20892,0,97,1,0,85,3,2260
15929,33,20872,0,110,1,0,98,5,2370
15929,35,20666,0,110,1,0,98,5,2370
14385,43,20575,0,110,1,0,98,5,2370
13530,41,20505,0,110,1,1,98,5,2370
17159,35,20469,0,110,1,0,98,5,2381
14699,38,20369,0,110,0,0,98,5,2370
14453,40,20214,0,110,1,0,98,3,2293
15252,34,20152,0,97,1,0,85,5,2337
15375,35,19884,0,110,0,0,98,3,2293
15867,33,19263,0,110,1,0,98,5,2370
15006,41,19256,0,110,0,0,98,3,2304
15683,43,19102,0,110,1,0,98,3,2293
14699,42,18759,0,110,1,0,98,5,2370
14637,41,18465,0,116,1,0,98,5,2370
14699,44,18465,0,110,1,1,98,3,2359
18389,42,18417,0,110,0,0,98,3,2326
14699,41,18055,0,97,1,0,85,5,2337
15929,33,17843,0,110,1,0,98,5,2370
18389,41,17753,0,110,0,0,98,5,2403
16544,40,17623,0,110,1,0,98,3,2293
16913,38,17492,0,110,1,0,98,5,2370
15929,43,16964,0,110,1,0,98,3,2293
15683,33,16926,0,110,1,0,98,5,2370
14631,39,16883,0,97,1,0,85,5,2337
12239,42,16865,0,97,1,0,85,5,2337
15314,38,16318,0,110,1,0,98,5,2370
15375,38,16156,0,97,1,0,85,5,2337
18389,43,15676,0,110,1,0,98,3,2304
16913,39,15573,0,110,1,0,98,5,2381
15615,39,15362,0,110,1,1,98,4,2337
18438,33,15317,0,110,1,0,98,3,2326
15683,43,15257,0,110,1,0,98,5,2381
17651,41,15208,0,110,1,0,98,5,2271
15929,39,15189,0,110,1,0,98,3,2293
14145,35,14920,0,97,0,0,85,3,2260
14699,41,14913,0,97,1,0,85,3,2260
16544,40,14674,0,110,1,0,98,5,2370
15867,38,14208,0,110,1,0,98,5,2370
12915,41,14155,0,86,1,0,79,5,2282
13469,35,13611,0,97,0,0,85,3,2260
14699,41,13453,0,97,0,0,85,3,2260
14084,37,13359,0,110,1,0,98,5,2271
16298,44,13066,0,110,1,0,98,5,2381
12608,39,11495,0,110,0,0,98,4,2271
17214,35,11185,0,110,1,0,98,5,2370
14699,40,10595,0,97,0,0,85,5,2337
16298,33,10260,0,97,1,0,85,5,2392
15929,40,10144,0,110,1,0,98,5,2381
14453,38,9942,0,97,1,0,85,5,2337
14145,39,7456,0,110,1,0,98,5,2370
16605,43,6214,0,97,1,0,85,5,2337
7995,53,134216,1,69,0,0,116,3,2447
7872,51,123135,1,69,0,0,116,4,2414
8610,53,109361,1,69,0,0,116,3,2436
9533,54,108205,1,72,1,0,122,4,2425
10947,45,108119,1,69,1,0,116,5,2414
10455,55,93206,0,110,1,0,98,3,2370
11009,54,92789,1,72,1,0,122,5,2502
12177,51,91177,0,110,1,0,98,5,2381
12608,53,89175,1,69,0,0,116,5,2513
11378,48,88315,0,110,0,0,98,5,2467
9533,48,87427,1,69,1,0,116,5,2447
11624,54,85994,1,69,1,0,116,4,2414
9533,55,85128,1,72,1,0,122,5,2502
10148,52,84045,1,69,1,0,116,5,2513
12239,49,81626,0,110,1,0,98,5,2370
5474,56,80253,1,69,0,0,110,5,2447
12239,50,78361,0,110,0,0,98,3,2326
11070,48,74404,0,110,1,0,98,5,2381
12239,53,73268,1,69,1,0,116,5,2447
15314,47,72968,1,90,1,0,122,3,2568
12915,55,72809,0,110,1,0,98,4,2282
13223,54,71804,0,110,1,0,98,4,2282
11009,53,71528,0,97,1,0,85,3,2260
12915,54,71486,1,69,1,0,116,5,2513
6335,56,70834,1,72,1,0,122,5,2502
13469,49,67020,0,97,0,0,85,5,2337
11624,52,65123,0,97,1,0,85,3,2260
12239,54,64283,0,110,1,0,98,5,2370
13469,51,64012,1,69,0,0,116,5,2513
14637,47,63599,0,110,1,0,98,5,2381
12239,50,63398,0,97,1,0,85,5,2337
14699,54,62977,0,110,0,0,98,5,2381
9717,50,62053,0,110,1,0,98,4,2282
13469,52,61716,0,110,1,0,98,3,2326
11009,48,60956,1,69,1,0,116,5,2513
14699,51,60919,0,110,0,0,98,5,2381
13407,49,60646,0,110,1,0,98,3,2304
12239,55,60418,0,110,0,0,98,5,2381
12239,51,59736,1,72,0,0,122,3,2458
13469,54,59714,0,110,1,0,98,5,2381
11009,55,58658,1,72,0,0,122,3,2458
11009,55,58485,0,86,1,0,79,3,2238
12915,49,56756,0,110,1,0,98,3,2326
11009,53,56048,0,97,0,0,85,3,2260
11378,53,55984,1,69,1,0,116,5,2513
14145,48,55332,0,97,1,0,85,5,2337
11993,52,55302,0,110,0,0,98,5,2370
12239,45,54230,0,110,1,0,98,3,2293
14084,49,53575,0,110,0,0,98,3,2304
15375,54,52567,0,110,0,0,98,5,2370
12915,50,51926,0,110,0,0,98,5,2370
15929,50,51640,0,110,1,0,98,5,2370
15006,50,51453,0,110,1,0,98,3,2293
13469,50,51409,0,97,1,0,85,3,2271
13469,54,50893,0,110,1,0,98,5,2436
13887,49,49909,0,110,1,1,98,3,2359
13223,49,49766,0,97,1,0,85,3,2271
13401,53,49585,0,110,0,0,98,5,2370
14145,47,48955,0,110,1,0,98,5,2467
11993,48,48840,0,110,1,0,98,5,2370
12608,55,48330,0,110,0,0,98,3,2293
15375,49,48248,0,110,0,0,98,4,2271
14699,54,48013,0,110,1,0,98,4,2282
13223,50,47328,0,97,1,0,85,5,2337
14084,46,46758,0,110,1,0,98,4,2282
14699,54,46746,0,110,1,0,98,5,2381
14453,48,46631,0,110,1,0,98,3,2326
13469,50,46509,0,110,1,1,98,4,2337
14699,55,46426,0,110,1,0,98,5,2381
13524,49,46389,1,69,0,0,116,3,2436
14084,56,46292,0,97,0,0,85,3,2260
10947,49,46288,0,110,1,0,98,5,2370
12915,50,45754,0,110,0,0,97,5,2370
14453,47,45610,0,110,1,0,98,5,2370
14084,49,45469,0,97,1,0,85,3,2271
14760,52,45360,0,110,0,0,98,3,2326
14699,50,44889,0,110,0,1,98,3,2359
12116,53,44739,0,97,1,0,85,3,2260
13469,54,44568,0,110,1,0,98,4,2282
13469,54,44289,0,110,0,0,98,5,2381
10695,50,43769,1,69,1,0,116,3,2436
13518,53,43644,0,110,0,0,98,3,2293
11685,55,43380,0,97,1,0,85,3,2260
14699,49,43284,0,86,0,0,79,3,2260
13223,46,43231,0,97,0,0,85,5,2348
10763,47,42875,1,69,1,0,116,5,2513
10763,49,42604,0,110,1,0,98,4,2271
14084,55,42576,1,72,1,0,122,3,2458
12239,46,42510,0,97,0,0,85,3,2260
14699,56,41493,0,110,0,0,98,5,2403
17159,52,41338,0,110,1,0,98,5,2381
13838,54,41050,0,110,1,0,98,5,2403
13407,50,40682,0,97,1,0,85,5,2337
11993,56,40638,0,97,1,0,85,3,2260
12239,52,40495,0,97,1,0,85,3,2260
14699,56,40389,0,110,1,0,98,5,2370
12854,48,39888,0,110,1,0,98,3,2293
11009,54,39768,0,97,1,0,85,3,2260
12608,54,39638,0,110,1,0,98,5,2370
12214,53,39541,0,110,1,0,98,4,2282
12915,54,39230,0,110,1,0,98,3,2315
14699,54,39223,0,110,1,0,98,4,2282
14145,48,39146,1,69,1,0,116,5,2513
14145,55,39146,0,110,0,0,98,4,2282
14084,54,39138,0,110,0,0,98,5,2381
12177,56,38992,0,110,0,0,98,3,2315
11685,54,38847,0,97,0,0,85,3,2260
12915,50,38699,0,97,1,0,85,5,2337
13223,50,38321,0,110,0,0,98,5,2370
11009,54,37904,1,69,0,0,122,5,2513
14760,56,37904,0,110,1,0,98,3,2315
12226,53,37629,0,110,1,0,98,4,2436
13469,47,37498,0,110,0,0,98,4,2271
13223,54,37431,0,110,1,0,98,5,2370
12053,51,36661,0,97,1,0,85,3,2260
14453,51,36512,0,97,0,0,79,5,2337
14699,54,36502,0,110,1,0,98,4,2282
13838,52,36410,0,110,1,0,98,3,2304
14453,54,36369,0,110,0,0,98,5,2370
13469,55,36274,0,110,1,0,98,3,2315
13838,56,36128,0,110,1,0,98,5,2381
12239,53,36007,0,97,1,0,85,3,2260
11931,51,35819,0,110,0,0,98,5,2381
14699,47,35729,0,110,1,0,98,4,2436
12177,53,35713,0,110,0,0,98,3,2293
12288,55,35258,0,110,0,0,98,3,2304
11654,48,35216,0,97,1,0,85,3,2260
14145,54,34720,0,110,1,0,98,5,2370
14699,53,34486,0,110,1,0,98,4,2282
14145,55,34113,0,97,1,0,85,5,2337
12915,50,33843,0,110,0,0,98,5,2370
13407,46,33368,0,97,1,0,85,5,2337
14391,52,33281,0,97,1,0,85,5,2337
14637,51,33186,0,110,1,0,98,5,2381
17159,51,33099,0,110,1,0,98,5,2381
13469,49,33005,0,97,1,0,85,3,2260
12915,56,32590,0,97,0,0,85,3,2260
13223,55,32404,0,97,1,0,85,3,2392
14699,55,32399,0,110,1,0,98,5,2359
12300,56,32311,0,97,0,0,85,3,2260
12909,48,31669,0,97,1,0,85,5,2337
14084,50,31317,0,110,0,0,98,5,2381
11562,54,31069,0,97,1,0,85,3,2260
14699,51,31069,0,86,1,0,79,5,2304
11870,53,31049,0,110,0,0,98,5,2370
23309,49,30800,0,110,1,0,98,3,2436
14084,51,30741,0,110,0,0,98,3,2326
12608,52,30716,0,110,1,0,98,3,2315
14084,48,30706,0,110,1,0,98,3,2304
12239,54,30675,0,97,1,0,85,3,2260
12915,56,30280,0,110,1,0,98,3,2326
16913,54,30056,0,110,1,0,98,5,2381
12239,48,29870,0,97,0,0,85,3,2260
12608,54,29734,0,110,1,0,98,4,2271
13346,54,29682,0,110,0,0,98,3,2326
14631,52,29633,0,110,0,0,98,5,2370
15929,53,29485,0,110,1,0,98,3,2326
14699,50,29341,0,110,1,0,98,5,2381
13223,56,29336,0,110,1,0,98,5,2359
11747,54,29115,0,97,0,0,85,5,2337
13469,56,28894,0,86,0,0,79,5,2282
14453,52,28862,0,110,1,0,98,4,2282
13469,47,28826,0,110,0,0,98,5,2370
15314,54,28726,0,110,1,0,98,3,2326
12915,52,28601,0,110,1,0,98,4,2271
13407,50,28583,0,97,0,0,85,3,2260
15929,50,28521,0,110,1,0,98,5,2370
13469,47,28490,0,97,0,0,85,5,2337
15375,56,28170,0,110,1,0,98,5,2381
12239,55,27674,0,97,0,0,85,3,2260
13223,56,27154,0,86,1,0,79,3,2260
15375,48,26794,0,97,1,0,85,3,2271
12854,49,25917,0,110,0,0,98,3,2293
13223,52,25911,0,97,1,0,85,3,2260
15929,49,25871,0,110,1,0,98,5,2436
13524,50,25646,0,97,0,0,85,5,2337
14699,49,25374,0,110,0,1,98,3,2370
13838,50,25103,0,97,1,0,85,5,2337
14699,47,25079,0,110,1,0,98,5,2403
16913,54,25057,0,86,0,0,79,5,2304
13530,47,24855,0,110,0,0,98,5,2381
16605,50,24672,0,110,1,0,98,5,2381
13469,54,24414,0,110,1,0,98,3,2293
13223,54,24233,0,97,0,0,85,3,2260
11009,47,24171,0,97,1,0,85,3,2260
15929,51,23863,0,110,0,0,98,3,2326
11993,56,23277,0,97,0,0,85,3,2260
13407,54,22991,0,97,1,0,85,3,2260
13524,55,22622,0,110,1,0,98,4,2282
13223,48,22372,0,97,1,0,85,5,2348
13469,52,22369,0,110,1,0,98,5,2370
15990,49,22369,0,110,0,0,98,5,2381
15929,45,22369,0,110,1,1,98,3,2359
14145,52,22259,0,110,0,0,98,5,2370
13469,56,21891,0,97,0,0,85,3,2260
14403,48,21836,0,110,0,0,98,3,2326
12275,49,21680,0,97,0,0,85,3,2260
15068,51,21675,0,110,1,0,98,5,2370
14145,46,21127,0,110,1,0,98,5,2370
14699,56,21125,0,110,0,0,98,5,2381
14145,55,20648,0,110,0,0,98,3,2315
14637,46,20518,0,110,1,0,98,5,2381
14674,49,19883,0,97,0,0,85,3,2271
12915,52,19622,0,97,0,0,85,3,2260
11009,56,19263,0,97,0,0,85,3,2260
12854,46,19142,0,97,1,0,85,5,2337
12915,55,18928,0,86,1,0,79,5,2315
15929,50,18446,0,110,1,1,98,3,2370
12239,55,18424,0,86,0,0,79,3,2260
15867,52,18330,0,110,1,0,98,3,2326
12239,48,17806,0,97,0,0,85,3,2392
12239,55,17088,0,97,1,0,85,3,2260
13469,48,16738,0,110,1,0,98,3,2293
13469,53,16543,0,97,0,0,85,5,2337
12239,47,16293,0,97,1,0,85,3,2260
13469,50,14073,0,97,1,0,85,5,2337
13284,50,13981,0,97,1,0,85,3,2260
12915,56,12001,0,97,0,0,85,3,2260
12854,50,10948,0,110,0,0,98,4,2271
13038,51,10606,0,97,1,0,85,3,2260
12854,48,9321,0,97,1,0,85,3,2260
15929,50,6344,0,97,0,0,85,5,2348
13838,47,3299,0,110,1,1,98,3,2359
9225,50,1,1,90,1,0,122,3,2778
11009,52,19263,0,97,0,0,85,3,2260
8549,58,127381,1,72,1,0,122,4,2425
9717,68,126915,1,72,0,0,122,3,2458
7319,68,120885,0,86,0,0,79,4,2205
9225,59,118620,1,72,1,0,122,3,2458
9225,62,114022,1,72,1,0,122,5,2513
8487,65,109476,1,72,1,0,122,3,2458
7074,67,108636,1,72,0,0,122,4,2425
8549,68,96760,0,86,1,0,79,3,2238
9779,67,96623,0,110,1,0,98,5,2315
9533,59,96178,1,72,1,0,122,3,2469
9779,64,95978,1,72,1,0,122,5,2502
10148,64,93569,0,110,1,0,98,3,2348
7688,67,92584,1,90,1,0,122,5,2502
11685,62,91737,1,72,0,0,122,5,2502
8487,59,89801,1,72,1,0,122,5,2502
10394,64,89477,0,110,1,0,98,3,2348
9041,65,87096,1,72,1,0,122,3,2458
11009,68,86992,0,110,1,0,98,5,2392
8487,60,86868,1,72,0,0,122,3,2458
11009,59,85159,0,110,1,0,98,3,2377
10763,61,85100,0,110,0,0,98,3,2348
9779,67,84094,0,110,1,0,98,5,2469
11009,64,83120,1,72,1,0,122,3,2469
11009,58,82894,1,72,1,0,122,5,2502
11009,65,82522,1,72,1,0,122,5,2502
9779,64,82265,1,72,0,0,122,5,2502
9533,60,80946,0,110,0,0,98,3,2315
9225,59,80778,1,72,1,0,122,4,2502
11009,67,78914,1,72,1,0,122,5,2502
12054,67,78790,1,72,0,0,122,5,2502
11624,66,78574,0,110,1,0,98,5,2392
11009,62,77780,1,116,0,0,122,5,2535
10763,68,77671,1,72,1,0,122,3,2458
12915,61,76429,1,72,0,0,122,5,2502
9834,59,75575,0,86,0,0,79,5,2315
12854,64,74813,0,110,0,0,98,5,2403
12239,66,74565,1,72,0,0,122,4,2425
12239,68,74279,0,110,0,0,98,3,2326
11009,68,74254,0,110,1,0,98,5,2359
9779,68,74123,0,110,1,0,98,4,2282
13469,57,73839,0,110,0,0,98,3,2348
12239,64,73322,1,72,1,0,122,5,2535
10578,68,73294,0,110,1,1,98,4,2348
8918,65,73079,0,86,0,0,79,3,2238
8549,68,72700,1,72,0,0,122,3,2458
9840,64,72079,0,86,0,0,79,5,2304
12239,58,71902,0,110,0,0,98,5,2359
11624,60,71576,0,110,1,0,98,4,2379
9779,68,71502,0,110,1,0,98,3,2326
11624,63,71458,0,110,0,0,98,3,2445
12239,64,71362,0,110,1,0,98,5,2370
8549,65,71074,1,90,0,0,122,3,2778
10148,59,70650,0,110,1,0,98,5,2348
12239,67,70288,0,86,1,0,79,3,2249
10148,59,70107,0,86,1,0,79,5,2293
12239,68,69666,0,110,1,0,98,5,2359
12915,66,69594,0,110,1,0,98,3,2348
9779,62,69594,1,72,0,0,122,4,2502
11993,65,69450,0,110,0,0,98,3,2348
11378,61,68881,0,110,1,0,98,5,2359
11685,68,68529,0,110,1,0,98,3,2315
12239,62,68069,0,110,0,0,98,5,2370
9533,63,67872,0,110,0,0,98,3,2315
11685,68,67823,0,110,0,0,98,5,2370
12239,67,67601,0,110,1,0,98,4,2282
11993,64,66352,0,110,0,1,98,3,2315
11993,58,65829,0,86,0,0,79,5,2293
7319,59,65244,0,86,1,0,79,3,2238
10455,62,65244,0,86,0,0,79,5,2293
10449,68,64808,0,110,1,0,98,5,2392
11378,67,64623,0,86,0,0,79,3,2249
8487,68,64623,0,86,1,0,79,3,2238
11009,58,64286,0,86,1,0,79,3,2260
11685,63,64250,0,110,1,0,98,5,2370
11378,63,63881,0,86,0,0,79,5,2326
12171,68,63687,0,110,0,0,98,5,2403
12239,57,63566,1,72,1,0,122,5,2502
9779,61,63446,0,110,0,0,98,3,2315
10763,68,63311,0,110,1,0,98,5,2370
10148,57,63250,1,72,0,0,122,3,2458
11009,63,63050,0,110,1,0,98,3,2348
11009,68,62759,0,110,0,0,98,5,2370
11009,61,62602,0,110,0,0,98,5,2359
11009,65,62479,0,110,1,0,98,5,2370
11624,67,62001,0,110,1,0,98,5,2392
11009,59,61303,0,86,1,0,79,3,2249
11378,65,61205,0,110,1,0,98,5,2370
10763,64,61075,0,86,0,0,79,4,2205
12239,61,60676,0,110,1,0,98,3,2348
12239,61,60537,0,110,1,0,98,5,2370
12177,65,60380,0,86,0,0,79,3,2238
11009,66,60302,0,86,1,0,79,4,2205
11009,67,59652,0,110,1,0,98,3,2315
15068,60,59652,1,72,0,0,122,4,2425
11378,67,59496,0,110,1,0,98,5,2359
12608,61,59122,0,110,1,0,98,3,2315
11009,68,59030,0,110,0,0,98,3,2315
9839,65,59030,0,110,1,0,98,3,2315
12177,66,58785,0,110,0,0,98,3,2348
10148,63,58722,0,86,1,0,79,4,2205
12915,65,58053,0,110,1,0,98,5,2370
10394,65,58041,0,86,0,0,79,3,2238
12177,68,57971,0,110,1,0,98,5,2403
12915,62,57848,0,110,1,0,98,5,2370
10455,67,57739,1,72,1,0,122,4,2425
11685,61,57476,0,110,1,0,98,3,2315
11624,65,57307,0,110,0,0,98,3,2348
12177,68,56859,1,72,0,0,122,3,2458
10148,64,56752,0,110,1,0,98,3,2315
10763,65,56698,0,86,1,0,79,3,2238
11685,58,56545,0,110,1,0,98,5,2370
10394,68,56375,0,110,0,0,98,3,2315
10443,62,55923,0,110,0,0,98,3,2315
10763,60,55660,0,110,0,0,98,4,2282
11993,64,55392,0,86,1,0,79,3,2260
12239,63,55302,0,110,1,0,98,5,2392
10455,68,55182,0,110,0,0,98,3,2315
10394,63,55106,0,110,0,0,98,5,2359
9717,62,55095,0,110,1,0,98,4,2293
10763,57,54979,0,110,1,0,98,3,2315
9779,61,54760,0,86,0,0,79,3,2238
8487,62,54681,0,86,0,0,79,3,2249
10025,65,54569,0,86,1,0,79,3,2238
13524,59,54466,0,86,1,1,79,5,2348
10947,59,53990,0,110,1,0,98,3,2315
11685,59,53979,0,86,1,0,79,5,2293
11009,68,53882,0,110,1,0,98,4,2282
14145,65,53369,0,110,0,0,98,3,2348
12854,62,52817,0,110,1,0,98,3,2315
12915,60,52817,0,86,1,0,79,3,2260
11378,68,52802,0,110,1,0,98,4,2282
13469,65,52542,0,110,1,0,98,5,2469
12854,62,52536,0,110,0,0,98,5,2370
11378,68,52495,0,110,1,0,98,5,2370
10763,62,52138,0,110,1,0,98,5,2359
10763,67,51922,0,86,0,0,79,3,2238
12054,68,51574,0,107,1,1,98,5,2425
10148,64,51402,0,86,0,0,79,3,2238
12854,62,51214,0,110,1,0,98,3,2348
11993,58,51110,0,110,0,0,98,5,2315
11009,61,51024,0,110,1,0,98,3,2326
9164,65,50952,0,86,1,0,79,3,2238
10394,68,50931,0,86,1,0,79,5,2282
10148,66,50486,0,110,0,0,98,3,2315
13469,65,50450,0,110,1,0,98,3,2348
11009,61,50437,0,110,1,0,98,4,2293
10763,66,50383,0,86,0,0,79,3,2238
12854,61,50153,0,110,1,0,98,5,2370
13469,57,50002,0,110,0,0,98,5,2392
10394,65,49982,0,110,1,0,98,4,2282
12239,59,49977,0,110,1,0,98,3,2348
12239,68,49974,0,110,1,0,98,3,2326
10763,62,49874,0,86,0,0,79,3,2238
12239,65,49805,0,110,0,0,98,5,2359
11685,68,49785,0,110,0,0,98,5,2359
10148,65,49763,0,110,1,0,98,4,2282
13469,62,49710,0,110,0,0,98,5,2370
9779,60,49710,0,86,0,0,79,5,2238
10148,65,49710,0,86,1,0,79,2,2238
12171,67,49621,0,110,1,0,98,4,2293
11230,67,49562,0,86,1,0,79,3,2238
13469,59,49498,0,86,0,1,79,5,2348
12915,60,49182,0,110,1,0,98,5,2370
10947,61,49088,0,110,1,0,98,3,2315
11685,57,49060,0,86,1,0,79,5,2304
13469,59,48933,1,90,1,0,121,5,2546
9779,68,48791,0,86,0,0,79,3,2238
9779,64,48688,0,86,1,0,79,3,2238
9779,65,48514,0,86,1,0,79,3,2238
11685,61,48506,0,107,1,1,98,5,2425
13469,67,48356,0,110,1,0,98,5,2370
11993,68,48277,0,110,1,0,98,4,2282
11993,65,48156,0,110,1,0,98,3,2315
11624,63,48130,0,110,1,0,98,3,2326
11009,68,47864,0,86,1,0,79,3,2238
11009,68,47851,0,86,1,0,79,3,2238
10947,66,47716,0,110,1,0,98,5,2359
12239,61,47659,0,86,1,0,79,5,2282
10763,67,47578,0,86,1,0,79,3,2249
11009,59,47325,0,110,1,0,98,5,2370
11058,65,47321,0,110,1,0,98,4,2282
11009,61,46981,0,86,1,0,79,3,2238
11009,62,46956,1,72,1,0,122,3,2469
12239,67,46869,0,110,1,0,98,3,2348
12177,68,46603,0,110,1,0,98,5,2370
11009,65,46603,0,86,0,0,79,3,2238
11009,62,46603,0,110,1,0,98,5,2359
11685,66,46580,0,107,0,1,98,3,2392
9779,68,46534,0,86,1,0,79,3,2238
9533,68,46525,0,110,0,0,98,5,2359
11009,63,46446,0,110,1,0,98,5,2370
14699,60,46429,0,110,1,0,98,5,2392
11009,62,46265,0,110,0,0,98,5,2370
14699,60,46191,0,86,0,0,79,5,2282
11009,68,46173,0,110,0,0,98,3,2315
12239,64,46101,0,110,0,0,98,3,2315
10148,65,46093,0,110,1,0,98,3,2315
11064,67,45942,0,86,1,0,79,5,2315
12294,61,45916,0,110,1,0,98,3,2348
11378,64,45671,0,110,1,0,98,3,2315
13469,64,45594,0,110,0,0,98,5,2359
10947,64,45546,0,86,1,0,79,3,2238
11685,58,45467,0,110,1,0,98,5,2370
12239,58,45315,0,110,1,0,98,5,2370
9779,67,45286,0,86,1,0,81,3,2238
10148,63,45063,0,110,1,0,98,3,2315
11624,64,44739,0,86,1,0,79,3,2238
9779,57,44739,0,86,0,0,79,3,2238
11685,59,44345,0,110,0,0,98,3,2348
11009,65,44314,0,110,0,0,98,3,2315
13469,62,44117,0,110,0,0,98,5,2359
11009,60,44089,0,110,0,0,98,3,2315
11624,63,44060,0,86,0,0,79,5,2282
9840,58,43844,0,110,1,0,98,3,2315
12177,67,43839,0,110,0,0,98,5,2370
11009,62,43807,0,110,1,0,98,5,2282
13407,60,43777,1,72,0,0,122,5,2502
11624,59,43631,0,110,1,0,98,3,2315
10394,64,43568,0,110,1,0,98,4,2282
11685,65,43538,0,110,1,0,98,5,2370
12915,67,43496,0,107,1,1,97,3,2348
8549,68,43496,0,86,1,0,79,3,2238
11993,68,42939,0,110,0,0,98,4,2282
8549,58,42888,0,86,1,0,79,5,2282
11870,67,42875,0,110,1,0,98,3,2348
12239,68,42791,0,110,1,0,98,3,2348
11378,58,42702,0,86,0,0,79,3,2260
11009,63,42535,0,110,1,0,98,5,2359
12177,63,42401,0,86,0,0,79,5,2315
13524,63,42348,0,110,1,0,98,5,2392
12915,65,42253,0,110,0,0,98,5,2370
11009,65,42253,0,86,1,0,79,3,2238
11993,67,42105,0,110,1,0,98,3,2348
13469,68,41723,0,110,1,0,98,5,2370
11993,67,41700,0,86,1,0,79,5,2282
12239,59,41638,0,110,1,0,98,3,2348
12915,65,41634,0,110,1,0,98,4,2282
12792,68,41498,0,86,0,1,79,3,2304
10824,68,41352,0,86,0,0,81,3,2227
12915,61,41171,0,110,1,0,98,3,2348
11378,62,41061,0,110,0,0,98,5,2359
9594,65,41010,0,86,1,0,79,3,2238
12239,61,41010,0,110,0,0,98,3,2315
13223,63,40946,0,110,1,0,98,3,2348
13469,67,40877,0,110,1,0,98,5,2370
12239,65,40708,0,110,1,1,98,4,2359
12239,59,40677,0,110,1,0,98,5,2359
9963,68,40638,0,86,1,0,79,4,2205
11378,60,40550,0,110,1,0,98,3,2315
9594,64,40389,0,110,1,0,98,3,2315
11070,68,40389,0,110,0,0,98,5,2359
11009,57,40389,0,110,0,0,98,4,2282
11009,62,40368,0,86,0,0,79,3,2249
12239,68,40358,0,110,1,0,98,5,2370
10455,60,40336,0,110,1,0,98,5,2359
9834,62,40263,0,110,1,0,98,5,2370
10763,65,40247,0,110,1,0,98,3,2315
11993,63,40196,0,86,0,0,79,3,2249
13469,65,40159,0,110,0,0,98,5,2359
11993,67,40149,0,110,1,0,98,5,2392
10086,60,40006,0,86,0,0,79,3,2238
11009,68,39768,0,110,0,0,98,5,2370
11685,66,39694,0,86,0,0,79,3,2238
13469,58,39687,1,72,0,0,122,5,2502
11993,66,39350,0,86,0,1,79,5,2348
12239,65,39146,0,86,1,1,79,5,2348
12854,61,39146,0,86,0,1,79,3,2315
12116,65,38771,0,110,0,0,98,3,2315
11624,62,38759,0,110,1,0,98,5,2370
12663,67,38721,0,110,1,0,98,3,2315
11993,68,38706,0,110,1,0,98,3,2348
11009,65,38665,0,110,1,0,98,3,2315
12177,68,38663,0,110,0,0,98,5,2370
10763,66,38609,0,86,1,0,79,5,2282
12239,58,38540,0,110,1,0,98,5,2370
10455,60,38511,0,86,1,0,79,3,2238
12239,62,38482,0,110,1,0,98,4,2282
13469,57,38327,0,110,0,0,98,3,2315
12048,68,38257,0,110,1,0,98,4,2282
10763,68,38217,0,110,1,0,98,4,2282
10148,65,38142,0,110,1,0,98,3,2315
12239,58,38117,0,110,1,0,98,5,2370
12239,62,38061,0,110,0,0,98,5,2370
12915,59,38007,0,110,1,0,98,3,2315
11993,62,37996,0,86,1,0,79,5,2293
13838,61,37993,0,110,1,0,98,5,2403
10947,59,37983,0,110,1,0,98,3,2315
9779,60,37966,0,86,1,0,79,3,2238
14145,68,37966,0,110,1,0,98,5,2370
11624,57,37904,0,110,1,0,98,3,2315
9834,65,37732,0,86,1,0,79,3,2238
13524,59,37722,0,86,1,0,79,5,2304
11009,61,37613,0,110,1,0,98,3,2315
10148,67,37282,0,86,0,1,79,4,2271
11009,66,37282,0,86,1,0,79,3,2238
11009,65,37282,0,86,1,0,79,3,2238
11685,62,36844,0,86,0,0,79,5,2282
9225,65,36825,0,86,0,0,79,3,2238
11009,63,36661,0,110,0,0,98,3,2315
12239,63,36661,0,86,1,0,79,5,2282
11993,65,36661,0,110,0,0,98,5,2370
11624,61,36661,0,110,1,0,98,5,2359
12239,65,36661,0,110,0,0,98,3,2315
11993,68,36574,0,110,1,0,98,3,2326
11009,65,36555,0,110,0,0,98,3,2315
10148,66,36446,0,110,1,0,98,5,2359
9533,65,36226,0,86,1,0,79,3,2238
11009,60,36207,0,110,1,0,98,3,2315
12239,64,36124,0,110,1,0,98,5,2370
11624,66,36110,0,107,1,1,98,3,2392
15929,67,36076,0,110,1,0,98,3,2348
12239,58,36040,0,110,1,0,98,3,2315
12909,62,36040,0,110,1,0,98,3,2348
9779,68,35769,0,86,1,0,79,5,2282
12915,63,35675,0,107,0,1,98,5,2458
11009,65,35651,0,110,1,0,98,5,2370
12177,62,35529,0,110,1,0,98,5,2370
12294,61,35523,0,110,1,0,98,3,2348
12239,63,35495,0,110,1,0,98,3,2348
12239,63,35418,0,110,1,0,98,3,2315
10148,67,35418,0,110,0,0,98,3,2315
12239,63,35418,0,86,1,0,79,5,2282
11009,59,34958,0,86,0,0,79,3,2238
13469,62,34927,0,107,1,1,98,3,2381
11378,67,34843,0,86,0,0,79,4,2205
12239,63,34761,0,110,1,0,98,5,2359
12294,57,34700,0,86,1,0,79,5,2304
10763,61,34640,0,86,0,0,79,3,2249
13469,58,34472,0,86,0,0,79,5,2304
12731,60,34228,0,107,0,1,98,5,2436
12239,65,34213,0,110,1,0,98,5,2359
11009,65,34175,0,86,1,0,79,3,2238
13469,57,34175,0,110,0,0,98,5,2370
13469,63,34136,0,110,1,0,98,5,2370
11009,68,34098,0,110,1,0,98,5,2359
10947,67,34080,0,110,0,0,98,3,2315
12608,60,33898,0,110,1,0,98,3,2348
11624,61,33632,0,110,1,0,98,5,2282
11378,61,33554,0,110,1,0,98,3,2326
12915,57,33554,0,110,1,0,98,5,2370
9041,58,33554,0,86,0,0,79,5,2282
12608,57,33554,0,110,1,0,98,3,2502
12608,62,33110,0,110,1,0,98,5,2370
14145,65,32966,0,110,1,0,98,5,2370
11009,68,32933,0,110,1,1,97,3,2370
9533,68,32933,0,86,0,0,79,3,2238
11685,64,32913,0,110,1,0,98,3,2315
10394,67,32808,0,86,1,0,79,3,2238
11009,57,32652,0,110,0,0,98,3,2315
10332,60,32614,0,110,1,0,98,4,2282
11378,66,32549,0,86,0,0,79,3,2238
10947,61,32381,0,110,1,0,98,4,2282
10763,58,32132,0,110,0,0,98,3,2315
13469,58,31952,0,110,0,1,98,5,2436
11009,61,31836,0,86,1,0,79,4,2205
11009,65,31690,0,86,1,0,79,3,2238
10941,61,31643,0,110,1,0,98,5,2359
11550,66,31569,0,86,0,0,79,3,3263
10763,59,31360,0,110,1,0,98,5,2359
11993,61,31176,0,110,1,0,98,5,2370
12239,62,31069,0,110,1,0,98,5,2370
13469,65,31033,0,110,0,0,98,3,2348
12177,67,30811,0,110,0,0,98,5,2392
11685,62,30607,0,110,1,0,98,4,2282
12239,61,30447,0,110,0,0,98,3,2315
12239,63,30284,0,110,0,0,98,5,2326
12915,62,29670,0,86,1,0,79,5,2293
12239,63,29585,0,86,0,0,79,3,2238
12909,68,29515,0,86,1,0,79,5,2282
11685,66,29352,0,110,0,0,98,3,2315
10455,58,29311,0,86,1,0,79,3,2238
12854,60,29242,0,110,0,0,98,4,2282
11009,65,29213,0,86,1,0,79,3,2238
12177,59,29160,0,86,1,0,79,3,2260
10947,63,28583,0,86,0,0,79,5,2282
10756,65,28385,0,110,0,0,98,3,2315
10763,65,28303,0,86,1,0,79,3,2238
13223,57,27962,0,110,1,0,98,5,2315
11993,57,27962,0,110,1,0,98,3,2315
10886,65,27962,0,110,0,0,98,5,2370
9779,66,27962,0,86,1,0,79,5,2282
11624,63,27962,0,110,1,0,98,4,2282
12239,61,27962,0,107,0,1,98,3,2392
10148,63,27927,0,110,1,0,98,4,2282
12239,61,27711,0,86,0,0,79,3,2238
12294,68,27625,0,86,0,0,79,3,2238
12239,59,27227,0,110,0,0,98,5,2359
12909,60,26984,0,110,1,0,98,5,2359
9779,58,26719,0,110,1,1,98,4,2456
11009,68,26719,0,110,1,0,98,5,2282
11925,57,26719,0,110,0,0,98,5,2370
9533,64,26719,0,86,0,0,79,3,2238
12239,68,26564,0,110,1,0,98,3,2315
12239,67,26161,0,110,1,0,98,5,2370
12239,63,25840,0,110,1,0,98,5,2456
12177,64,25600,0,110,0,0,98,5,2359
13469,57,24988,0,86,0,0,79,3,2260
11009,60,24855,0,86,1,0,79,4,2205
11009,66,24371,0,86,1,1,79,3,2304
10148,66,24323,0,110,1,0,98,3,2315
12608,62,24233,0,110,1,0,98,5,2370
10763,61,23624,0,110,1,0,98,5,2359
11993,68,23462,0,110,1,0,98,5,2359
13469,61,23301,0,110,0,0,98,5,2392
13469,60,23060,0,110,1,0,98,3,2315
11993,62,22991,0,86,0,0,79,3,2238
10947,59,22962,0,110,1,0,98,3,2315
11685,60,22955,0,110,0,0,98,5,2359
12239,63,22943,0,86,0,0,79,5,2315
12239,66,22778,0,110,0,0,98,3,2315
10148,65,22369,0,86,1,0,79,3,2238
12854,65,22369,0,110,1,0,98,3,2348
13469,62,22066,0,110,1,0,98,3,2348
11378,65,21924,0,86,1,0,79,3,2238
10947,68,21748,0,110,1,0,98,3,2315
13407,57,21748,0,86,1,0,79,5,2304
11993,64,21197,0,110,0,0,98,3,2315
14699,58,21127,0,110,0,0,98,5,2370
9717,68,21032,0,86,1,0,79,4,2205
13407,57,20838,0,110,0,0,98,4,2282
12854,65,20505,0,110,0,0,98,3,2315
13469,59,19977,0,110,1,0,98,5,2392
12239,65,19628,0,86,1,0,79,3,2238
13223,60,19561,0,110,1,0,98,3,2348
12177,57,19453,0,110,1,0,98,5,2359
13223,68,19263,0,110,1,0,98,4,2282
12854,58,19035,0,110,1,0,98,5,2370
11624,68,18828,0,86,1,0,79,4,2205
13223,60,17709,0,86,1,1,79,3,2304
13469,60,17709,0,110,0,0,98,5,2370
12300,57,17398,0,86,0,0,79,3,2238
12915,68,16589,0,110,0,0,98,3,2326
15375,62,16156,0,107,0,1,98,3,2392
11009,62,15848,0,86,1,0,79,5,2282
12915,58,15534,0,110,1,0,98,5,2370
11371,66,14189,0,110,1,0,98,3,2315
13469,59,14108,0,110,1,0,98,5,2370
11685,63,13781,0,86,1,0,79,3,2238
13407,62,10778,0,110,1,0,98,3,2315
13469,67,9653,0,86,1,1,79,4,2271
11624,66,9389,0,86,0,0,79,5,2282
7257,73,144742,1,72,0,0,122,5,2584
8549,79,135532,1,72,0,0,122,5,2535
7380,78,135312,1,72,1,0,122,5,2502
6458,79,128695,0,110,1,0,98,5,2456
5412,74,126296,1,72,1,0,122,3,2502
8303,77,124729,1,72,1,0,122,4,2425
10455,69,122721,1,72,0,0,122,5,2502
7565,80,121021,1,72,0,0,122,3,2469
8549,76,119067,1,72,0,0,122,5,2535
7073,76,113883,1,72,0,0,122,3,2458
10763,78,112082,1,72,1,0,122,4,2425
7995,70,111101,1,72,0,0,122,3,2458
7319,73,109471,0,110,1,0,98,5,2370
7995,78,109361,0,86,0,0,79,5,2282
12915,77,107485,1,72,1,0,122,5,2502
10455,77,105633,1,72,0,0,122,4,2425
9779,71,101905,0,110,1,0,98,3,2315
7134,78,100522,0,86,1,0,79,3,2238
8303,80,99419,0,86,0,0,79,3,2238
8549,78,99399,1,72,0,0,122,3,2458
7060,74,99362,0,110,0,0,98,3,2315
8057,73,98482,0,86,0,0,79,3,2238
11009,69,97061,1,72,1,0,122,3,2458
8303,73,97039,0,86,1,0,79,5,2282
9779,78,96443,0,110,0,0,98,3,2315
9779,69,96313,1,72,0,0,122,3,2458
9164,76,96250,1,72,1,0,122,5,2513
9533,70,94013,1,72,1,0,122,5,2535
7934,71,93827,0,110,1,0,98,5,2412
9717,75,93206,1,72,1,0,122,3,2502
8487,69,90909,1,72,1,0,122,3,2458
6888,75,90843,0,86,0,0,79,3,2238
7319,77,90718,0,110,0,0,98,4,2282
8549,80,89204,0,86,1,1,79,3,2304
9779,71,86461,1,73,0,0,122,2,2458
11009,79,86060,0,86,0,0,79,5,2315
9779,74,85588,1,90,1,0,122,5,2502
11685,80,85238,1,90,1,0,122,5,2502
10578,76,83816,1,72,1,0,122,3,2458
7319,71,83674,1,72,0,0,122,5,2502
9533,73,83599,0,110,0,0,98,5,2359
9779,79,81710,1,72,0,0,122,5,2513
8549,77,81590,0,110,1,0,98,3,2315
8918,74,80794,0,110,1,0,98,3,2315
7995,78,80778,0,86,0,0,79,5,2238
8918,77,80132,0,110,1,0,98,5,2359
11378,80,79754,0,110,1,0,98,5,2359
10148,73,79539,0,110,1,0,98,3,2315
8918,71,79013,1,72,1,0,122,3,2458
6458,72,78590,0,110,1,0,98,4,2282
9717,77,78293,0,110,1,0,98,5,2315
8487,76,78155,0,110,0,0,98,3,2315
9717,75,77920,0,110,0,0,98,3,2315
8918,74,77615,1,72,0,0,122,5,2502
10394,70,77512,0,110,1,0,98,3,2315
9779,76,77417,0,110,1,0,98,5,2370
9779,74,77085,0,110,1,0,98,3,2315
7934,72,76679,0,110,1,0,98,3,2315
8180,75,76493,0,110,1,0,98,5,2359
9779,74,76476,0,86,1,0,79,3,2238
8918,80,76317,0,86,0,0,79,5,2293
9164,77,75987,0,110,0,0,98,3,2315
9779,74,75745,0,110,1,0,98,4,2282
8918,77,75525,0,110,1,0,98,5,2359
10148,71,74859,1,72,1,0,122,3,2458
11009,76,74728,1,72,1,0,122,5,2502
9533,74,74686,0,110,1,0,98,3,2315
10455,71,74565,0,110,0,0,98,5,2392
9533,78,74565,0,110,0,0,98,5,2370
7073,73,72003,0,110,0,0,98,4,2282
8487,76,71672,0,110,1,0,98,5,2359
7995,71,71555,0,110,1,0,98,3,2315
7995,78,71458,0,107,1,1,98,5,2425
9348,77,70997,0,86,1,0,79,5,2315
11009,73,70192,1,72,1,0,122,5,2502
9164,74,69784,0,110,1,0,98,5,2359
9041,72,69594,0,86,1,0,79,3,2238
9533,73,69346,0,86,1,0,79,3,2238
9176,80,69216,0,110,0,0,98,3,2388
11378,76,68911,0,110,1,0,98,5,2392
8918,80,68902,0,110,1,0,98,3,2326
7995,72,68745,0,86,1,0,79,3,2238
8364,80,68351,0,110,1,0,98,4,2282
10701,75,68065,0,110,0,0,98,5,2392
9225,78,67893,0,110,0,0,98,5,2359
9533,71,66807,0,110,1,0,98,3,2315
9779,73,66554,0,110,1,0,98,3,2315
12239,75,66487,0,110,1,0,98,3,2315
8167,74,66021,0,110,0,0,98,5,2359
10763,71,65959,0,86,0,0,79,3,2238
9533,72,65932,0,110,1,0,98,3,2315
7319,72,65776,0,86,0,0,79,3,2238
8303,77,65338,0,86,0,0,79,3,2238
7995,80,65328,0,110,1,0,98,3,2315
10763,76,64836,0,110,1,0,98,3,2315
9779,74,64716,0,110,1,0,98,3,2315
8303,74,64623,0,86,1,0,79,3,2227
9779,73,64076,0,86,1,0,79,5,2282
9779,80,63566,0,86,1,0,79,3,2238
11009,75,63383,0,107,1,1,98,5,2436
9533,77,63380,0,86,1,0,79,3,2238
7934,75,63290,0,110,1,0,98,5,2359
8487,74,63239,0,110,0,0,98,3,2315
10394,75,62857,0,110,1,0,98,5,2392
8303,74,62758,0,86,0,0,79,3,2238
9902,74,62592,0,86,1,1,79,4,2271
11685,79,62584,0,110,0,0,98,5,2359
9533,78,62440,0,110,0,0,98,4,2282
10455,80,62422,0,110,0,0,98,5,2392
9588,75,62256,0,110,1,0,98,3,2315
7983,80,62214,0,110,1,0,98,3,2315
9779,73,62119,0,110,1,0,98,3,2315
7903,79,61762,0,86,0,0,79,5,2282
11009,69,61748,0,86,1,0,79,5,2282
8549,72,61668,0,110,1,0,98,5,2456
10763,79,61355,0,110,0,0,98,5,2392
10394,71,60990,0,110,1,0,98,3,2315
9779,77,60894,0,110,1,0,98,5,2348
9779,80,60613,0,86,0,0,79,5,2282
10947,78,60605,0,110,1,0,98,5,2359
11009,73,60580,0,110,1,0,98,5,2392
10947,73,60326,0,110,1,0,98,5,2392
9779,69,60273,0,110,0,0,98,4,2282
7989,74,59839,0,86,1,0,79,3,2238
8918,78,59652,0,86,1,0,79,3,2238
11378,74,59652,0,110,1,0,98,5,2392
8180,78,59595,0,110,1,0,98,5,2359
8598,79,59465,0,110,0,0,98,5,2392
9533,78,59435,0,110,1,0,98,5,2359
8549,79,59030,0,86,1,0,79,5,2282
8918,80,58687,0,110,0,0,98,3,2315
12239,80,58458,0,110,1,0,98,5,2392
11378,80,58310,0,110,0,0,98,5,2359
8856,79,57843,0,86,1,0,79,5,2282
10148,72,57829,0,110,1,0,98,5,2370
11009,79,57812,0,110,1,0,98,3,2315
10148,77,57788,0,110,1,0,98,5,2370
7688,80,57682,0,86,1,0,79,3,2238
12177,80,57325,0,107,0,1,98,5,2436
8979,80,57226,0,86,1,0,79,5,2282
11009,72,57117,0,86,1,0,79,3,2249
7995,70,57104,0,86,1,0,79,3,2238
9779,78,56793,0,110,1,0,98,5,2359
9164,75,56596,0,110,1,0,98,3,2315
9779,71,56153,0,86,1,0,79,5,2282
10455,78,56138,0,86,1,0,79,5,2282
8549,77,56113,0,86,1,0,79,3,2238
9779,78,55930,0,86,0,1,79,3,2304
8303,77,55923,0,86,1,0,79,3,2238
10394,70,55913,0,110,0,0,98,3,2326
9225,78,55894,0,110,0,0,98,5,2456
10763,74,55799,1,72,1,0,122,3,2458
10763,79,55761,0,86,1,0,79,5,2282
11009,76,55625,0,110,1,0,98,3,2315
9164,75,55617,0,86,0,0,79,3,2238
11316,69,55362,0,110,1,0,98,5,2392
11009,74,55116,0,110,1,0,98,3,2315
9656,72,54991,0,110,1,0,98,5,2370
8549,73,54796,1,72,1,0,122,3,2458
8856,75,54681,0,110,1,0,98,3,2315
9164,78,54521,0,110,0,0,98,3,2326
8303,75,54440,0,86,0,0,79,3,2238
9225,73,54282,0,110,1,0,98,3,2315
9164,72,54111,0,110,0,0,98,4,2282
9779,70,54059,0,110,1,0,98,4,2282
8918,78,54059,0,110,1,0,98,4,2282
9779,73,54059,0,86,1,0,79,3,2238
10148,80,54059,0,86,1,0,79,3,2238
10148,72,53972,0,110,0,0,98,5,2370
8303,80,53506,0,110,1,0,98,3,2326
10763,79,53438,0,86,1,0,79,5,2293
11009,80,53438,0,110,0,0,98,3,2315
10455,70,53353,1,72,1,0,122,5,2502
10148,80,53168,0,110,0,0,98,5,2359
11624,70,53109,0,107,0,1,98,3,2381
9779,73,52941,0,110,1,0,98,3,2315
9717,70,52817,0,110,1,0,98,3,2326
10455,73,52809,0,110,1,0,98,3,2315
10148,79,52795,0,110,0,0,98,5,2359
10148,76,52488,0,110,1,0,98,5,2359
11009,73,52445,0,110,1,0,98,4,2282
9779,74,52272,0,110,0,0,98,3,2315
8549,80,52195,0,110,0,0,98,5,2370
8918,78,52195,0,110,1,0,98,5,2348
9533,77,52195,0,110,1,0,98,5,2392
10701,75,52102,0,110,1,0,98,3,2326
11009,80,51909,0,110,1,0,98,5,2359
8303,76,51825,0,110,1,0,98,5,2359
9225,71,51755,0,110,1,0,98,5,2359
9779,69,51656,0,86,0,0,79,3,2238
11009,71,51603,0,86,1,1,79,3,2304
9779,71,51387,0,110,0,0,98,3,2315
9164,78,51372,0,86,0,0,79,3,2238
7319,78,51322,0,86,1,0,79,3,2238
9533,75,51111,0,110,1,0,98,3,2315
8549,77,51016,0,86,1,0,79,3,2238
10763,80,50965,0,86,1,0,79,5,2282
11009,71,50952,0,110,1,0,98,5,2370
9219,79,50945,0,110,1,0,98,5,2359
9533,76,50909,0,110,0,0,98,5,2359
8549,70,50743,0,110,0,0,98,3,2315
9828,77,50012,0,110,1,0,98,5,2359
8918,78,49710,0,110,1,0,98,4,2348
8487,69,49088,0,86,0,0,79,3,2238
9533,74,49022,0,110,0,0,98,5,2359
8918,78,48895,0,110,0,0,98,4,2282
11009,77,48737,0,86,0,0,79,3,2238
10455,71,48628,0,110,0,0,98,3,2315
9779,72,48542,0,110,1,0,98,5,2370
8549,77,47846,0,86,0,0,79,3,2238
9840,78,47846,0,110,0,0,98,3,2315
9779,75,47462,0,110,1,0,98,3,2326
10455,76,47391,0,86,1,0,79,3,2238
9213,73,47318,0,86,1,0,79,3,2238
10148,80,47224,0,110,0,0,98,3,2315
11378,71,47224,0,110,1,0,98,5,2359
9779,72,47125,0,86,0,0,79,5,2282
11685,77,47099,0,110,1,0,98,3,2315
11009,72,46929,0,110,1,0,98,3,2456
10394,78,46804,0,86,1,0,79,5,2315
9834,79,46803,0,110,1,0,98,4,2458
10763,78,46743,0,110,0,0,98,4,2282
7319,71,46656,0,86,0,0,79,5,2282
10455,73,46603,0,110,0,0,98,5,2370
11009,69,46603,0,86,1,0,79,4,2205
10763,69,46603,0,86,1,0,79,4,2205
9348,78,46557,0,110,1,0,98,5,2370
8788,80,46469,0,110,1,0,98,5,2359
10394,69,46337,0,110,1,0,98,5,2392
7319,75,46334,0,86,1,0,79,3,2238
11070,80,46103,0,110,0,0,98,5,2370
8918,80,46075,0,110,1,0,98,3,2315
9102,75,46041,0,110,1,0,98,3,2315
10824,79,46039,0,110,1,0,98,5,2370
9533,71,45981,0,110,0,0,98,3,2315
9225,75,45981,0,86,1,0,79,3,2238
10394,78,45757,0,86,1,1,79,4,2238
9102,75,45646,0,110,1,0,98,5,2359
9225,80,45484,0,110,1,0,98,5,2359
11009,76,45432,0,110,1,0,98,5,2370
11009,70,45369,0,110,1,0,98,5,2370
9779,77,45176,0,110,1,0,98,3,2315
9779,79,44943,0,110,1,0,98,5,2370
9779,78,44877,0,110,1,0,98,5,2359
11009,71,44818,0,107,1,1,98,5,2425
9533,78,44795,0,110,1,0,98,5,2359
10148,78,44739,0,110,1,0,98,4,2282
9779,78,44739,0,110,0,0,98,3,2326
9533,77,44677,0,86,1,0,79,3,2238
10455,77,44630,0,110,0,0,98,5,2370
8549,80,44577,0,110,1,0,98,5,2359
9225,80,44428,0,110,1,0,98,4,2282
9533,79,44340,0,110,1,0,98,3,2315
7319,79,44281,0,86,0,0,79,3,2238
9225,78,44233,0,110,0,0,98,3,2315
11009,72,44151,0,86,0,1,79,3,2304
9779,76,44117,0,110,1,0,98,3,2315
8487,80,44079,0,110,1,1,98,5,2425
9164,77,44075,0,110,1,0,98,3,2315
10455,80,43867,0,107,1,1,98,3,2381
9225,73,43795,0,110,1,0,98,5,2370
10763,77,43573,0,110,1,0,98,3,2315
9225,76,43520,0,110,1,0,98,3,2315
12239,80,43436,0,110,0,0,98,5,2359
9779,75,43116,0,86,0,0,79,3,2227
12239,75,43073,0,110,1,0,98,5,2359
11378,78,42875,0,110,1,0,98,5,2370
11378,73,42867,0,86,1,0,79,5,2282
12239,79,42840,0,110,1,0,98,5,2392
7319,74,42430,0,110,1,0,98,3,2315
9834,76,42253,0,110,1,0,98,5,2370
11009,70,42253,0,86,1,1,79,3,2304
9164,75,41912,0,86,1,0,79,4,2205
10148,76,41797,0,86,1,0,79,5,2282
10455,78,41790,0,110,0,0,98,5,2392
10455,70,41694,0,110,1,0,98,5,2370
11562,69,41689,1,72,1,0,122,3,2458
8918,80,41557,0,110,1,0,98,3,2326
11009,79,41542,0,110,1,0,98,5,2370
11624,80,41534,0,110,1,0,98,5,2370
10455,74,41457,0,110,1,0,98,3,2315
8303,80,41115,0,86,1,0,79,3,2238
9102,80,40979,0,110,0,0,98,5,2359
11009,78,40700,0,86,1,0,79,3,2238
8487,80,40580,0,110,1,0,98,3,2326
9533,79,40547,0,86,1,0,79,3,2238
11009,71,40402,1,72,1,0,122,3,2458
8549,75,40393,0,86,1,0,79,3,2238
10449,77,39942,0,110,0,0,98,4,2282
12300,75,39768,0,107,0,1,98,3,2392
8609,71,39768,0,110,1,0,98,5,2359
11009,80,39768,0,110,0,0,98,3,2326
10455,79,39717,0,110,0,0,98,4,2282
10763,75,39540,0,110,1,0,98,4,2282
9224,80,39457,0,110,1,0,98,3,2315
11070,80,39312,0,110,1,0,98,4,2282
11009,77,38895,0,110,1,0,98,3,2315
8549,80,38886,0,110,0,0,98,5,2370
10455,77,38702,0,110,1,0,98,5,2370
10394,77,38467,0,86,1,1,79,5,2348
11009,74,38339,0,110,0,0,98,5,2359
10148,77,38306,0,110,1,0,98,5,2359
9779,75,38293,0,86,0,0,79,5,2282
9164,70,38221,0,110,0,0,98,4,2282
11070,79,38006,0,107,1,1,98,3,2381
8795,70,37904,0,110,1,0,98,4,2282
9533,76,37800,0,110,1,0,98,4,2282
7189,70,37655,0,86,0,0,79,3,2337
10455,72,37582,0,110,1,0,98,5,2370
10148,80,37578,0,110,1,0,98,5,2456
11624,79,37370,0,110,0,0,98,3,2315
8303,69,37313,0,110,1,0,98,3,2315
10332,77,37282,0,110,1,0,98,3,2315
9717,76,37282,0,110,0,0,98,3,2315
9779,76,37167,0,110,1,0,97,3,2326
10763,80,36863,0,110,1,0,98,5,2392
12177,73,36810,0,110,1,0,98,3,2315
7989,71,36763,0,110,0,0,98,4,2282
10148,70,36671,0,107,1,1,98,3,2381
8487,69,36631,0,110,1,0,98,3,2315
9225,74,36322,0,86,1,0,79,3,2238
9779,75,36251,0,86,1,1,79,4,2271
10148,80,36205,0,110,1,0,98,5,2359
11009,80,36040,0,110,0,0,98,3,2326
11993,70,35933,0,110,0,0,98,3,2315
10148,80,35907,0,86,0,0,79,3,2238
10947,78,35808,0,110,0,0,98,5,2370
11009,75,35752,0,86,1,0,79,5,2315
8303,76,35582,0,110,1,0,98,3,2315
9779,75,35508,0,110,1,0,98,5,2359
10578,69,35478,0,86,1,0,79,3,2260
9533,80,35418,0,86,0,0,79,4,2205
9594,73,35148,0,110,1,0,98,3,2315
10763,73,34988,0,110,1,0,98,3,2315
11685,79,34930,0,86,0,0,79,3,2238
9533,74,34879,0,110,0,0,98,4,2282
12239,79,34439,0,110,0,0,98,5,2370
9533,77,33827,0,86,1,0,79,3,2238
7319,69,33435,0,110,1,0,98,3,2315
13469,76,33015,0,110,1,0,98,5,2359
11624,77,32871,0,110,1,0,98,4,2370
10148,80,32746,0,110,0,0,98,3,2315
11993,69,32510,0,110,0,0,98,5,2359
9164,78,32490,0,110,0,0,98,5,2456
10763,75,32311,0,110,0,0,98,5,2370
10763,69,32311,0,110,1,0,98,3,2315
10455,73,32311,0,110,1,1,98,4,2348
11009,70,32233,0,86,0,0,79,4,2205
9225,79,30961,0,86,1,0,79,5,2282
8918,69,30845,0,110,1,0,98,4,2282
9164,80,30808,0,110,1,0,98,4,2282
10763,76,30553,0,86,0,0,79,3,2304
12054,77,30347,0,110,0,0,98,3,2326
9225,71,30184,0,86,1,0,79,3,2238
11009,75,30074,0,110,1,0,98,5,2370
11009,74,29976,0,86,1,0,79,5,2282
9164,70,29798,0,110,1,0,98,5,2359
11009,71,29598,0,110,1,0,98,5,2370
12915,78,29453,0,86,1,0,79,5,2293
8610,73,29428,0,86,0,0,79,3,2227
10455,77,28277,0,110,1,0,98,3,2315
9533,76,28216,0,86,1,0,79,5,2282
11009,70,27868,0,110,1,0,98,3,2315
10148,69,27854,0,110,0,0,98,5,2370
11378,80,27616,0,110,1,0,98,3,2315
9717,75,27166,0,110,1,0,98,5,2359
10455,78,27105,0,86,1,0,79,4,2205
9779,76,27050,0,110,0,0,98,5,2359
12239,69,26595,0,110,1,0,98,3,2315
10763,74,26295,0,107,1,1,98,5,2425
9225,80,26213,0,110,1,0,98,3,2315
8549,72,26098,0,110,1,0,98,3,2315
11009,79,24913,0,110,0,0,98,5,2456
10763,79,24731,0,107,0,1,98,3,2381
9533,73,24338,0,86,0,0,79,3,2238
10394,75,24199,0,110,1,0,98,3,2315
10025,76,22703,0,110,0,1,98,4,2370
10455,78,22369,0,86,0,1,79,3,2304
9348,78,22369,0,110,1,0,98,3,2315
9779,80,22258,0,86,0,1,79,3,2238
9533,73,21572,0,86,0,0,79,3,2238
9779,80,21127,0,86,1,0,79,4,2205
12239,78,19240,0,110,0,1,98,3,2381
11009,71,18020,0,86,1,1,79,3,2304
10394,72,16156,0,86,0,0,79,3,2238
11009,78,14913,0,86,1,1,79,5,2348
10394,80,14292,0,86,0,0,79,3,2238
9225,69,12765,0,86,1,0,79,3,2260
13339,72,11806,0,86,0,0,79,3,2238
10455,71,10573,0,86,0,0,79,3,2238
8918,70,10511,0,86,1,0,79,3,2238
8549,76,1,0,110,0,0,98,5,2456
